area label,area long label,area,Time taken to process housing benefit new claims - Quarterly,Time taken to process housing benefit new claims - Quarterly,Time taken to process housing benefit new claims - Quarterly,Time taken to process housing benefit new claims - Quarterly,Time taken to process housing benefit new claims - Quarterly,Time taken to process housing benefit new claims - Quarterly,Time taken to process housing benefit new claims - Quarterly,Time taken to process housing benefit new claims - Quarterly,Time taken to process housing benefit new claims - Quarterly,Time taken to process housing benefit new claims - Quarterly,Time taken to process housing benefit new claims - Quarterly,Time taken to process housing benefit new claims - Quarterly,Time taken to process housing benefit new claims - Quarterly,Time taken to process housing benefit new claims - Quarterly,Time taken to process housing benefit new claims - Quarterly,Time taken to process housing benefit new claims - Quarterly,Time taken to process housing benefit new claims - Quarterly,Time taken to process housing benefit new claims - Quarterly,Time taken to process housing benefit new claims - Quarterly,Time taken to process housing benefit new claims - Quarterly,Time taken to process housing benefit new claims - Quarterly,Time taken to process housing benefit new claims - Quarterly,Time taken to process housing benefit new claims - Quarterly,Time taken to process housing benefit new claims - Quarterly,Time taken to process housing benefit new claims - Quarterly,Time taken to process housing benefit new claims - Quarterly,Time taken to process housing benefit new claims - Quarterly,Time taken to process housing benefit new claims - Quarterly,Time taken to process housing benefit new claims - Quarterly,Time taken to process housing benefit new claims - Quarterly,Time taken to process housing benefit new claims - Quarterly,Time taken to process housing benefit new claims - Quarterly,Time taken to process housing benefit new claims - Quarterly,Time taken to process housing benefit new claims - Quarterly,Time taken to process housing benefit new claims - Quarterly,Time taken to process housing benefit new claims - Quarterly,Time taken to process housing benefit new claims - Quarterly,Time taken to process housing benefit new claims - Quarterly,Time taken to process housing benefit new claims - Quarterly,Time taken to process housing benefit new claims - Quarterly
area label,area long label,area,299,299,299,299,299,299,299,299,299,299,299,299,299,299,299,299,299,299,299,299,299,299,299,299,299,299,299,299,299,299,299,299,299,299,299,299,299,299,299,299
area label,area long label,area,Mean,Mean,Mean,Mean,Mean,Mean,Mean,Mean,Mean,Mean,Mean,Mean,Mean,Mean,Mean,Mean,Mean,Mean,Mean,Mean,Mean,Mean,Mean,Mean,Mean,Mean,Mean,Mean,Mean,Mean,Mean,Mean,Mean,Mean,Mean,Mean,Mean,Mean,Mean,Mean
area label,area long label,area,raw,raw,raw,raw,raw,raw,raw,raw,raw,raw,raw,raw,raw,raw,raw,raw,raw,raw,raw,raw,raw,raw,raw,raw,raw,raw,raw,raw,raw,raw,raw,raw,raw,raw,raw,raw,raw,raw,raw,raw
area label,area long label,area,2011/12 Q3,2011/12 Q4,2012/13 Q1,2012/13 Q2,2012/13 Q3,2012/13 Q4,2013/14 Q1,2013/14 Q2,2013/14 Q3,2013/14 Q4,2014/15 Q1,2014/15 Q2,2014/15 Q3,2014/15 Q4,2015/16 Q1,2015/16 Q2,2015/16 Q3,2015/16 Q4,2016/17 Q1,2016/17 Q2,2016/17 Q3,2016/17 Q4,2017/18 Q1,2017/18 Q2,2017/18 Q3,2017/18 Q4,2018/19 Q1,2018/19 Q2,2018/19 Q3,2018/19 Q4,2019/20 Q1,2019/20 Q2,2019/20 Q3,2019/20 Q4,2020/21 Q1,2020/21 Q2,2020/21 Q3,2020/21 Q4,2021/22 Q1,2021/22 Q2
area label,area long label,area,fq_Q3_2011_12,fq_Q4_2011_12,fq_Q1_2012_13,fq_Q2_2012_13,fq_Q3_2012_13,fq_Q4_2012_13,fq_Q1_2013_14,fq_Q2_2013_14,fq_Q3_2013_14,fq_Q4_2013_14,fq_Q1_2014_15,fq_Q2_2014_15,fq_Q3_2014_15,fq_Q4_2014_15,fq_Q1_2015_16,fq_Q2_2015_16,fq_Q3_2015_16,fq_Q4_2015_16,fq_Q1_2016_17,fq_Q2_2016_17,fq_Q3_2016_17,fq_Q4_2016_17,fq_Q1_2017_18,fq_Q2_2017_18,fq_Q3_2017_18,fq_Q4_2017_18,fq_Q1_2018_19,fq_Q2_2018_19,fq_Q3_2018_19,fq_Q4_2018_19,fq_Q1_2019_20,fq_Q2_2019_20,fq_Q3_2019_20,fq_Q4_2019_20,fq_Q1_2020_21,fq_Q2_2020_21,fq_Q3_2020_21,fq_Q4_2020_21,fq_Q1_2021_22,fq_Q2_2021_22
Adur,Adur (District),E07000223,14,16,16,17,16,17,17,15,16,15,17,17,17,18,19,19,15,19,19,17,20,21,19,21,23,18,25,19,13,13,12,15,14,12,15,13,12,16,18,11
Allerdale,Allerdale (District),E07000026,37,31,29,22,21,21,20,22,23,25,27,30,21,18,19,20,17,21,23,17,18,23,20,13,14,14,15,12,11,12,10,7,8,8,16,11,15,12,11,10
Amber Valley,Amber Valley (District),E07000032,15,15,18,15,15,15,16,15,14,15,13,13,14,13,14,15,14,13,17,Missing,16,18,22,24,23,21,24,21,18,19,24,18,15,27,17,17,18,23,22,18
Arun,Arun (District),E07000224,16,13,12,13,11,14,14,13,17,16,21,20,19,18,15,18,24,18,20,21,18,16,17,29,32,25,21,14,12,10,13,10,12,19,18,14,17,17,15,24
Ashfield,Ashfield (District),E07000170,30,35,30,27,28,15,13,16,17,16,18,16,20,19,21,17,15,17,18,19,21,19,20,22,21,20,21,23,24,23,20,22,17,16,20,23,24,20,27,32
Ashford,Ashford (District),E07000105,25,27,29,28,31,25,25,27,27,26,26,22,20,21,21,28,26,24,27,27,31,26,28,26,24,23,23,23,17,22,21,20,18,21,25,23,22,26,25,21
Babergh,Babergh (District),E07000200,no value,34,31,32,27,24,24,25,22,24,24,22,23,24,26,25,21,23,26,26,22,23,24,31,31,21,24,17,15,18,19,15,16,14,21,20,19,19,24,25
Barking and Dagenham,Barking and Dagenham (London borough),E09000002,13,18,19,19,29,27,29,23,24,26,25,25,28,32,68,55,44,32,34,29,28,30,31,27,28,27,28,25,24,25,20,19,21,21,21,21,19,18,23,25
Barnet,Barnet (London borough),E09000003,21,18,20,19,15,11,5,4,7,9,13,13,7,7,8,8,10,12,13,12,14,13,21,22,22,23,22,18,18,18,24,18,21,21,23,23,23,24,27,23
Barnsley,Barnsley (Metropolitan borough),E08000016,19,21,23,21,20,22,23,22,20,23,26,24,24,22,31,35,24,23,23,21,22,24,26,24,20,20,23,19,26,23,27,23,21,19,26,26,25,19,16,20
Barrow-in-Furness,Barrow-in-Furness (District),E07000027,22,20,19,18,17,19,19,20,19,18,18,18,17,18,17,16,17,16,15,14,13,11,10,11,10,10,9,10,24,28,25,27,27,26,32,27,18,25,29,32
Basildon,Basildon (District),E07000066,14,14,19,18,16,17,17,21,24,26,35,42,24,19,25,24,30,29,30,26,23,27,30,43,33,27,24,25,22,20,19,16,20,18,14,12,11,14,13,15
Basingstoke and Deane,Basingstoke and Deane (District),E07000084,21,20,25,13,17,17,14,25,20,19,23,22,16,16,22,19,16,21,25,28,19,17,15,14,13,14,18,17,17,19,19,18,23,18,16,17,17,17,13,15
Bassetlaw,Bassetlaw (District),E07000171,31,35,38,42,37,41,46,39,17,26,32,14,14,21,27,15,13,17,29,31,38,38,53,46,41,44,33,28,17,19,22,15,17,18,21,15,16,28,63,30
Bath and North East Somerset,Bath and North East Somerset (Unitary),E06000022,15,14,12,14,16,Missing,Missing,18,16,14,16,17,16,14,14,13,13,15,18,20,15,17,17,18,17,14,19,14,12,12,12,12,15,10,19,14,18,17,15,13
Bedford Borough,Bedford Borough (Unitary),E06000055,19,18,23,30,23,20,20,19,19,18,19,21,21,21,23,23,22,22,20,20,21,21,22,13,17,15,17,16,16,18,12,16,16,23,19,14,14,16,18,17
Bexley,Bexley (London borough),E09000004,20,17,16,16,17,17,22,25,21,16,16,18,17,15,16,15,13,12,15,17,18,15,13,12,15,15,15,12,11,9,11,10,8,8,9,9,9,10,9,12
Birmingham,Birmingham (Metropolitan borough),E08000025,21,23,24,24,23,23,26,24,21,20,23,21,20,20,21,20,20,20,22,24,22,22,25,25,22,19,18,16,12,11,11,11,10,10,10,9,10,14,16,14
Blaby,Blaby (District),E07000129,22,23,22,18,13,22,28,36,27,19,18,15,23,28,29,26,24,26,24,20,20,20,23,24,24,26,21,21,26,25,20,28,18,22,24,21,20,24,25,31
Blackburn with Darwen,Blackburn with Darwen (Unitary),E06000008,19,20,24,20,16,19,19,21,22,22,22,18,19,18,19,21,20,20,20,18,16,16,16,14,14,14,9,10,9,8,6,7,7,7,7,8,9,7,9,10
Blackpool,Blackpool (Unitary),E06000009,23,25,26,21,18,21,19,22,21,27,37,47,41,46,54,39,28,24,25,23,22,28,43,38,25,19,22,22,19,23,20,15,12,10,13,12,10,11,11,11
Bolsover,Bolsover (District),E07000033,19,20,21,21,24,27,25,18,16,18,21,17,15,16,17,18,20,21,22,21,19,19,19,20,19,20,22,23,19,24,25,24,21,16,16,14,11,15,10,13
Bolton,Bolton (Metropolitan borough),E08000001,18,20,25,23,23,23,26,24,22,18,20,18,17,19,23,21,20,18,20,20,21,21,22,21,23,22,24,24,27,28,22,20,18,16,19,17,16,17,20,26
Boston,Boston (District),E07000136,12,13,13,14,11,17,24,8,4,8,14,7,4,4,5,4,4,3,5,3,3,3,5,4,4,4,5,4,5,5,5,5,5,5,6,6,6,10,21,18
"Bournemouth, Christchurch and Poole","Bournemouth, Christchurch and Poole (Unitary)",E06000058,no value,no value,no value,no value,no value,no value,no value,no value,no value,no value,no value,no value,no value,no value,no value,no value,no value,no value,no value,no value,no value,no value,no value,no value,no value,no value,no value,no value,no value,no value,19,16,17,15,19,15,16,21,19,17
Bracknell Forest,Bracknell Forest (Unitary),E06000036,17,16,19,18,16,17,16,16,19,18,18,19,24,24,24,23,28,31,31,27,20,18,18,14,22,29,32,31,24,12,15,15,17,22,23,23,20,16,15,26
Bradford,Bradford (Metropolitan borough),E08000032,27,22,28,36,25,26,26,28,25,23,24,27,21,22,22,21,18,20,22,23,22,21,24,23,24,25,25,19,15,16,13,11,12,16,15,12,11,15,12,12
Braintree,Braintree (District),E07000067,18,16,17,18,17,19,12,18,16,16,18,17,16,17,15,18,18,17,17,16,15,17,16,18,18,17,16,18,18,20,16,12,12,10,11,14,13,14,15,11
Breckland,Breckland (District),E07000143,19,22,36,28,14,20,18,22,15,13,19,21,17,17,20,16,15,24,28,24,19,21,33,28,24,25,27,19,17,15,15,14,14,15,19,12,15,22,25,30
Brent,Brent (London borough),E09000005,12,13,13,14,14,17,15,14,14,14,15,17,16,18,19,16,17,16,17,17,18,18,22,22,23,24,31,33,29,27,26,24,24,27,31,34,39,54,45,39
Brentwood,Brentwood (District),E07000068,14,15,14,13,11,14,16,17,16,20,18,18,17,21,17,24,30,Missing,49,28,27,23,23,24,31,41,39,32,22,20,22,13,19,15,18,14,11,13,14,18
Brighton and Hove,Brighton and Hove (Unitary),E06000043,24,25,23,26,24,27,31,30,28,28,29,35,33,29,31,30,29,31,35,30,29,28,30,30,31,32,28,23,20,22,19,15,14,17,16,16,15,19,20,20
Bristol,Bristol (Unitary),E06000023,26,22,20,22,23,23,24,28,27,29,41,62,50,40,51,53,46,38,34,30,30,24,27,28,25,22,23,19,16,16,15,16,14,18,15,25,14,17,15,14
Broadland,Broadland (District),E07000144,21,21,25,25,29,35,39,36,28,18,20,22,26,23,21,18,12,16,19,20,14,15,18,16,18,21,25,24,27,21,21,16,14,12,18,22,20,24,31,33
Bromley,Bromley (London borough),E09000006,23,28,27,26,27,30,30,26,26,32,51,57,38,30,19,19,20,20,19,20,18,20,20,21,21,19,22,22,19,15,16,15,13,16,14,14,15,13,14,14
Bromsgrove,Bromsgrove (District),E07000234,11,14,15,17,14,21,25,22,27,28,31,37,25,31,33,25,21,25,29,30,Missing,56,50,32,28,48,56,57,51,36,30,22,24,23,24,24,20,24,31,24
Broxbourne,Broxbourne (District),E07000095,24,24,22,21,22,25,25,23,22,27,32,25,22,25,31,34,37,42,37,39,41,23,26,27,23,21,20,27,26,23,17,15,14,20,21,15,19,23,20,21
Broxtowe,Broxtowe (District),E07000172,23,22,22,24,21,17,21,25,22,20,20,22,19,19,17,18,16,18,14,13,14,15,13,14,13,12,13,12,12,7,8,6,8,9,10,6,8,6,8,12
Buckinghamshire,Buckinghamshire (Unitary),E06000060,no value,no value,no value,no value,no value,no value,no value,no value,no value,no value,no value,no value,no value,no value,no value,no value,no value,no value,no value,no value,no value,no value,no value,no value,no value,no value,no value,no value,no value,no value,no value,no value,no value,no value,12,13,14,17,15,15
Burnley,Burnley (District),E07000117,no value,18,20,21,19,22,21,21,20,21,23,23,20,19,22,22,21,20,18,17,17,19,18,17,16,17,14,15,14,15,14,12,8,9,11,9,9,9,10,8
Bury,Bury (Metropolitan borough),E08000002,25,25,25,26,28,24,22,24,25,22,20,22,20,20,29,28,22,22,22,24,25,26,26,24,21,23,24,24,22,21,21,18,24,20,24,31,28,27,23,29
Calderdale,Calderdale (Metropolitan borough),E08000033,19,19,19,18,13,12,13,12,15,15,17,15,13,13,15,13,14,13,21,18,19,17,23,31,30,21,24,19,21,17,20,18,19,16,26,20,25,40,39,30
Cambridge,Cambridge (District),E07000008,13,15,17,16,16,18,19,13,16,15,14,15,15,14,17,15,14,13,14,14,13,13,16,13,13,15,15,13,10,7,7,7,7,8,8,7,8,10,10,10
Cambridgeshire,Cambridgeshire (County),E10000003,no value,no value,no value,no value,no value,no value,no value,no value,no value,no value,no value,no value,no value,no value,no value,no value,no value,no value,no value,no value,no value,no value,no value,no value,no value,no value,no value,no value,no value,no value,no value,no value,no value,no value,no value,no value,no value,no value,no value,no value
Camden,Camden (London borough),E09000007,23,23,24,24,21,23,13,24,22,21,23,22,21,19,24,31,25,22,25,26,25,30,36,38,37,32,32,32,28,26,24,24,21,23,27,28,23,27,24,26
Cannock Chase,Cannock Chase (District),E07000192,8,7,9,8,9,17,21,20,8,12,15,17,17,13,14,13,14,14,19,17,12,15,19,16,20,19,19,11,14,22,23,19,22,17,19,59,42,23,17,23
Canterbury,Canterbury (District),E07000106,19,19,17,20,19,19,22,18,17,17,16,16,16,16,19,19,26,21,18,18,16,16,21,18,17,19,18,16,19,23,21,12,12,14,17,12,15,19,17,17
Carlisle,Carlisle (District),E07000028,32,32,33,27,20,22,19,21,23,23,30,33,25,20,18,16,14,21,19,20,17,19,19,19,16,18,20,19,16,15,15,12,11,16,13,16,16,18,17,19
Castle Point,Castle Point (District),E07000069,21,25,20,21,22,20,21,22,21,27,25,24,25,28,24,24,23,22,20,19,19,22,24,20,23,24,23,24,23,29,21,21,18,27,16,20,18,17,21,18
Central Bedfordshire,Central Bedfordshire (Unitary),E06000056,37,34,35,26,27,26,32,36,41,37,30,26,29,29,42,39,33,35,41,39,32,33,32,27,28,29,34,31,31,24,20,18,19,19,19,14,14,14,18,21
Charnwood,Charnwood (District),E07000130,21,21,26,27,26,34,28,25,25,26,31,26,25,28,32,35,32,34,36,21,25,26,29,29,26,40,40,41,36,29,23,18,13,16,17,11,11,13,14,11
Chelmsford,Chelmsford (District),E07000070,18,17,23,20,20,19,19,16,16,17,22,19,20,18,25,26,20,25,29,22,18,24,30,20,19,19,24,22,24,24,23,23,20,15,25,21,21,27,32,24
Cheltenham,Cheltenham (District),E07000078,19,20,19,19,21,21,19,20,18,19,21,23,23,18,19,18,18,18,19,17,18,17,17,19,20,22,21,17,13,15,15,40,16,10,16,12,15,14,10,10
Cherwell,Cherwell (District),E07000177,19,15,21,19,15,17,15,19,17,13,14,14,15,14,14,11,13,13,13,14,17,14,17,37,29,19,15,16,19,12,12,16,10,11,16,14,13,11,10,17
Cheshire East,Cheshire East (Unitary),E06000049,no value,18,24,22,15,18,23,28,33,38,30,27,22,23,24,22,20,19,21,17,17,15,17,17,16,17,16,15,14,15,14,13,15,15,15,13,18,17,15,24
Cheshire West and Chester,Cheshire West and Chester (Unitary),E06000050,39,36,42,52,47,28,31,37,33,31,37,40,46,38,40,36,31,30,38,40,39,31,35,35,34,32,26,23,26,28,30,28,25,21,25,21,27,35,41,33
Chesterfield,Chesterfield (District),E07000034,19,17,29,33,30,19,24,29,28,29,33,28,25,22,24,24,19,19,21,21,19,20,24,25,23,25,25,26,20,22,20,19,20,18,19,18,20,19,24,18
Chichester,Chichester (District),E07000225,17,13,16,17,19,20,22,19,21,26,28,21,21,25,29,21,24,21,26,21,17,18,21,22,15,14,17,16,16,11,11,11,13,14,11,15,17,18,17,11
Chorley,Chorley (District),E07000118,17,18,22,18,16,19,24,22,20,21,26,28,33,21,17,11,15,14,14,13,15,14,12,11,12,13,14,11,8,7,11,11,9,7,10,17,10,8,11,10
City of London,City of London (London borough),E09000001,23,20,17,22,27,16,18,18,20,26,21,17,Missing,21,20,23,21,22,Missing,21,16,22,24,17,17,8,25,27,21,13,18,12,24,30,45,17,Missing,47,27,16
Colchester,Colchester (District),E07000071,16,19,22,24,23,23,30,31,27,23,21,26,25,23,23,24,25,29,32,24,19,21,22,24,22,18,15,11,7,8,9,8,6,9,11,7,9,9,8,8
Copeland,Copeland (District),E07000029,31,38,33,26,27,24,24,22,24,26,31,31,28,18,22,19,14,30,29,17,20,29,27,39,47,38,29,25,13,10,10,6,8,11,10,12,16,16,18,20
Cornwall,Cornwall (Unitary),E06000052,27,28,38,38,28,26,28,23,20,20,24,25,22,25,25,29,32,25,26,24,23,26,32,26,28,26,29,31,27,27,26,24,25,20,24,22,16,15,17,17
Cotswold,Cotswold (District),E07000079,13,13,14,11,9,9,11,12,11,10,11,12,15,13,17,15,Missing,13,13,12,13,14,14,17,14,17,19,19,17,12,15,22,16,17,18,9,33,47,31,35
Coventry,Coventry (Metropolitan borough),E08000026,21,23,25,25,24,21,24,24,21,20,25,22,19,18,19,19,19,22,25,16,15,16,22,20,18,21,25,19,13,16,16,12,10,12,18,13,13,15,25,23
Craven,Craven (District),E07000163,23,22,27,27,30,23,24,24,27,25,23,23,24,28,29,27,29,26,31,29,26,27,25,17,17,22,21,19,24,14,13,14,10,14,13,12,25,36,38,26
Crawley,Crawley (District),E07000226,12,12,16,12,11,15,13,14,13,13,13,12,13,14,13,11,10,11,11,14,14,13,14,13,13,15,15,15,14,13,12,11,13,17,17,14,16,14,19,17
Croydon,Croydon (London borough),E09000008,22,23,25,24,24,26,27,24,23,23,25,23,23,24,26,25,25,28,31,28,25,25,29,28,28,25,25,30,32,37,42,32,29,31,33,39,31,41,40,37
Cumbria,Cumbria (County),E10000006,no value,no value,no value,no value,no value,no value,no value,no value,no value,no value,no value,no value,no value,no value,no value,no value,no value,no value,no value,no value,no value,no value,no value,no value,no value,no value,no value,no value,no value,no value,no value,no value,no value,no value,no value,no value,no value,no value,no value,no value
Dacorum,Dacorum (District),E07000096,25,26,32,35,29,32,32,30,29,22,17,25,27,25,23,20,17,19,21,18,15,22,20,24,24,19,22,20,17,18,14,12,12,17,21,25,21,19,25,21
Darlington,Darlington (Unitary),E06000005,7,7,9,9,8,8,9,11,10,11,12,11,9,10,10,11,9,11,11,10,12,13,15,19,16,15,16,20,18,16,18,18,18,16,24,19,14,19,19,20
Dartford,Dartford (District),E07000107,39,35,49,48,30,28,28,24,27,28,26,24,25,31,31,25,23,25,26,31,34,31,21,22,24,26,29,26,21,20,22,19,21,29,34,19,21,18,22,26
Derby,Derby (Unitary),E06000015,39,47,60,50,39,33,34,47,46,38,36,33,30,27,30,28,27,28,33,34,30,28,32,31,27,27,32,34,31,27,26,22,20,23,21,24,22,23,25,26
Derbyshire,Derbyshire (County),E10000007,no value,no value,no value,no value,no value,no value,no value,no value,no value,no value,no value,no value,no value,no value,no value,no value,no value,no value,no value,no value,no value,no value,no value,no value,no value,no value,no value,no value,no value,no value,no value,no value,no value,no value,no value,no value,no value,no value,no value,no value
Derbyshire Dales,Derbyshire Dales (District),E07000035,20,18,34,23,20,19,27,19,12,17,14,30,34,37,29,28,20,11,22,19,20,16,22,26,19,11,19,14,14,8,11,12,11,14,11,13,12,6,12,19
Devon,Devon (County),E10000008,no value,no value,no value,no value,no value,no value,no value,no value,no value,no value,no value,no value,no value,no value,no value,no value,no value,no value,no value,no value,no value,no value,no value,no value,no value,no value,no value,no value,no value,no value,no value,no value,no value,no value,no value,no value,no value,no value,no value,no value
Doncaster,Doncaster (Metropolitan borough),E08000017,22,31,33,22,Missing,62,67,44,43,46,35,21,21,23,28,29,21,23,25,23,20,22,24,20,19,16,20,21,18,20,20,18,15,13,21,16,18,33,29,30
Dorset,Dorset (Unitary),E06000059,no value,no value,no value,no value,no value,no value,no value,no value,no value,no value,no value,no value,no value,no value,no value,no value,no value,no value,no value,no value,no value,no value,no value,no value,no value,no value,no value,no value,no value,no value,17,16,15,16,20,19,15,15,22,20
Dover,Dover (District),E07000108,21,23,27,29,20,14,12,13,14,18,16,16,11,12,13,11,11,13,12,12,12,12,12,9,10,9,12,12,16,19,18,11,14,13,12,12,16,15,17,20
Dudley,Dudley (Metropolitan borough),E08000027,12,13,18,12,14,14,14,15,16,17,17,15,16,20,29,24,20,20,16,17,18,20,22,23,23,20,17,18,18,18,16,16,17,18,23,14,22,22,21,19
Durham,Durham (Unitary),E06000047,92,77,58,39,22,23,20,21,21,22,23,22,20,20,22,22,19,20,25,18,18,16,16,18,16,19,19,16,14,18,16,16,15,10,14,14,14,21,22,29
Ealing,Ealing (London borough),E09000009,21,20,20,19,19,21,24,22,18,17,17,15,16,18,27,20,14,14,16,20,18,14,16,16,18,19,16,19,17,10,11,13,18,27,15,12,17,21,26,27
East Cambridgeshire,East Cambridgeshire (District),E07000009,22,20,33,30,15,16,17,22,15,12,21,21,17,19,18,17,14,20,22,22,18,20,28,24,20,25,23,15,19,13,14,15,17,15,21,11,19,28,33,26
East Devon,East Devon (District),E07000040,13,13,13,14,11,14,15,12,11,12,11,13,12,12,15,12,12,12,15,12,13,13,15,15,15,16,18,15,12,15,10,11,11,15,16,15,19,18,14,17
East Hampshire,East Hampshire (District),E07000085,17,17,24,23,25,23,26,20,24,21,22,21,19,14,18,17,16,15,18,17,16,19,19,20,16,17,16,15,21,26,23,16,17,15,13,22,20,29,23,15
East Hertfordshire,East Hertfordshire (District),E07000242,31,35,40,46,32,29,29,25,19,18,26,30,28,23,27,25,25,23,27,26,24,24,32,22,22,18,21,24,24,19,30,23,22,22,33,21,24,26,26,24
East Lindsey,East Lindsey (District),E07000137,14,11,11,12,14,18,17,17,21,31,30,19,18,15,18,21,17,20,22,28,22,20,19,18,18,17,18,19,18,17,18,14,13,20,20,21,21,28,24,23
East Riding of Yorkshire,East Riding of Yorkshire (Unitary),E06000011,15,13,14,10,12,15,14,17,20,20,20,17,14,14,17,16,13,15,18,14,15,16,17,16,18,26,30,26,17,17,17,18,19,18,16,15,18,21,24,25
East Staffordshire,East Staffordshire (District),E07000193,34,33,34,30,31,27,28,24,21,23,19,25,28,23,33,40,34,25,27,20,18,24,24,25,21,23,23,19,20,20,18,18,17,11,20,11,12,13,20,11
East Suffolk,East Suffolk (District),E07000244,no value,no value,no value,no value,no value,no value,no value,no value,no value,no value,no value,no value,no value,no value,no value,no value,no value,no value,no value,no value,no value,no value,no value,no value,no value,no value,no value,no value,no value,no value,31,17,15,16,25,15,16,33,37,30
East Sussex,East Sussex (County),E10000011,no value,no value,no value,no value,no value,no value,no value,no value,no value,no value,no value,no value,no value,no value,no value,no value,no value,no value,no value,no value,no value,no value,no value,no value,no value,no value,no value,no value,no value,no value,no value,no value,no value,no value,no value,no value,no value,no value,no value,no value
Eastbourne,Eastbourne (District),E07000061,19,23,19,20,23,21,22,21,20,20,20,28,26,23,25,21,21,19,21,18,20,21,21,20,19,23,18,21,15,22,21,18,17,21,17,16,16,25,23,21
Eastleigh,Eastleigh (District),E07000086,16,18,17,14,15,16,17,14,16,18,21,19,18,16,21,19,20,17,20,21,20,20,20,20,25,25,19,23,24,26,24,22,26,25,29,30,27,24,30,25
Eden,Eden (District),E07000030,no value,30,36,29,24,26,29,21,22,27,27,32,19,22,23,16,17,24,22,20,16,19,23,21,21,34,35,20,27,19,22,18,26,21,16,14,28,25,19,19
Elmbridge,Elmbridge (District),E07000207,13,13,13,12,12,15,15,13,11,11,11,12,9,12,12,15,13,13,11,10,12,12,13,15,17,22,29,22,14,15,17,9,9,9,8,11,5,6,7,8
Enfield,Enfield (London borough),E09000010,22,25,25,22,20,17,23,27,22,22,24,20,21,23,26,27,26,27,29,29,23,22,25,22,22,23,27,22,18,18,24,23,21,30,20,25,25,26,34,30
Epping Forest,Epping Forest (District),E07000072,27,31,42,39,34,29,29,27,19,23,26,24,21,23,23,23,21,24,22,25,22,23,23,23,22,27,27,27,15,15,16,13,17,17,13,13,11,14,12,12
Epsom and Ewell,Epsom and Ewell (District),E07000208,25,33,39,37,48,42,45,52,33,26,26,18,20,14,17,23,28,30,Missing,25,31,17,25,26,23,25,17,14,10,16,11,8,11,24,20,25,31,42,46,24
Erewash,Erewash (District),E07000036,20,20,22,26,26,16,18,20,21,17,20,20,15,17,15,16,17,18,18,17,17,14,18,10,11,10,10,9,10,11,14,9,9,8,9,14,13,11,12,11
Essex,Essex (County),E10000012,no value,no value,no value,no value,no value,no value,no value,no value,no value,no value,no value,no value,no value,no value,no value,no value,no value,no value,no value,no value,no value,no value,no value,no value,no value,no value,no value,no value,no value,no value,no value,no value,no value,no value,no value,no value,no value,no value,no value,no value
Exeter,Exeter (District),E07000041,10,13,15,13,13,14,18,19,17,19,21,19,21,25,27,27,20,23,20,22,21,29,32,28,25,23,31,29,22,21,24,27,22,16,35,24,15,10,14,13
Fareham,Fareham (District),E07000087,19,21,22,19,19,19,20,20,20,18,17,14,5,7,10,11,9,11,9,7,9,7,9,6,6,6,10,9,9,16,7,6,6,9,10,9,9,7,8,16
Fenland,Fenland (District),E07000010,18,23,36,33,20,23,27,22,20,17,14,16,18,20,19,18,16,16,23,18,19,20,29,27,23,23,23,16,15,14,13,13,13,17,20,12,14,24,32,30
Folkestone and Hythe,Folkestone and Hythe (District),E07000112,12,12,13,11,11,12,12,11,13,14,18,19,18,14,17,18,16,12,14,13,20,29,35,20,22,25,25,23,24,22,21,18,12,14,21,16,11,8,12,12
Forest of Dean,Forest of Dean (District),E07000080,no value,16,16,15,15,15,10,20,19,16,18,22,18,15,15,20,16,20,21,19,18,19,19,18,18,21,19,17,20,15,15,18,13,10,21,23,19,15,18,23
Fylde,Fylde (District),E07000119,25,30,30,15,19,19,18,19,19,17,20,20,22,20,20,14,18,18,22,18,21,21,30,36,27,19,24,17,17,20,17,16,9,10,11,6,9,8,8,10
Gateshead,Gateshead (Metropolitan borough),E08000037,18,24,38,38,33,22,27,27,30,26,17,25,25,24,34,27,28,22,32,19,21,23,35,31,27,23,26,28,28,22,25,23,27,21,24,21,17,16,14,18
Gedling,Gedling (District),E07000173,16,16,15,12,12,15,14,11,10,12,13,11,11,12,12,10,12,15,19,15,15,12,13,13,14,14,15,15,19,10,10,13,13,18,10,8,13,11,12,9
Gloucester,Gloucester (District),E07000081,23,21,25,23,19,22,16,17,21,19,22,25,23,27,22,23,23,24,23,24,23,24,21,23,25,29,32,21,19,16,21,19,17,15,12,11,10,11,15,13
Gloucestershire,Gloucestershire (County),E10000013,no value,no value,no value,no value,no value,no value,no value,no value,no value,no value,no value,no value,no value,no value,no value,no value,no value,no value,no value,no value,no value,no value,no value,no value,no value,no value,no value,no value,no value,no value,no value,no value,no value,no value,no value,no value,no value,no value,no value,no value
Gosport,Gosport (District),E07000088,17,20,21,20,23,21,15,14,15,23,30,28,18,16,15,14,16,16,18,19,18,20,18,17,20,19,16,18,20,21,28,17,14,14,10,8,11,13,17,13
Gravesham,Gravesham (District),E07000109,22,18,26,27,22,24,29,27,18,16,20,17,16,17,22,18,19,16,19,19,17,17,19,20,17,20,22,17,13,12,12,13,12,16,16,12,14,11,14,14
Great Yarmouth,Great Yarmouth (District),E07000145,22,30,35,30,20,29,25,29,29,29,28,29,15,20,20,19,16,24,23,20,20,25,17,16,16,18,22,18,11,15,19,12,12,13,19,21,17,21,21,13
Greenwich,Greenwich (London borough),E09000011,29,30,34,32,31,40,44,43,34,30,35,28,27,31,38,31,29,32,29,26,26,26,29,28,28,27,28,28,26,26,26,22,20,19,22,20,20,18,24,22
Guildford,Guildford (District),E07000209,17,17,16,17,19,19,19,18,21,20,20,20,24,26,27,22,22,25,25,22,24,22,26,23,34,35,41,29,22,20,21,16,19,18,17,11,12,10,12,12
Hackney,Hackney (London borough),E09000012,32,30,40,33,23,17,19,21,19,21,22,22,21,23,21,17,19,18,20,15,16,19,19,21,19,19,19,18,23,26,25,23,15,16,17,13,Missing,Missing,Missing,Missing
Halton,Halton (Unitary),E06000006,no value,13,13,14,13,14,15,15,14,15,15,15,15,17,19,18,19,20,20,20,19,23,29,21,14,20,19,15,16,10,15,16,13,20,22,17,15,19,19,19
Hambleton,Hambleton (District),E07000164,21,24,26,28,34,40,33,25,19,24,43,28,16,16,22,28,23,24,20,26,28,43,31,21,21,20,21,16,14,16,16,11,17,19,18,16,14,15,16,16
Hammersmith and Fulham,Hammersmith and Fulham (London borough),E09000013,25,no value,28,27,26,26,27,29,33,36,37,29,23,21,22,22,23,28,28,27,26,28,23,23,28,27,27,25,24,22,27,20,18,19,18,13,17,21,21,22
Hampshire,Hampshire (County),E10000014,no value,no value,no value,no value,no value,no value,no value,no value,no value,no value,no value,no value,no value,no value,no value,no value,no value,no value,no value,no value,no value,no value,no value,no value,no value,no value,no value,no value,no value,no value,no value,no value,no value,no value,no value,no value,no value,no value,no value,no value
Harborough,Harborough (District),E07000131,35,28,29,29,25,21,24,17,17,17,19,16,15,18,22,19,17,17,19,20,16,17,21,18,16,14,18,20,18,15,12,9,8,9,17,15,9,22,22,13
Haringey,Haringey (London borough),E09000014,29,34,30,30,35,38,46,46,33,29,24,18,16,17,18,18,16,18,21,21,24,27,25,23,24,24,24,21,24,25,22,17,17,17,19,24,28,21,22,20
Harlow,Harlow (District),E07000073,15,15,19,20,22,24,20,22,20,26,29,30,27,24,26,24,24,22,22,24,20,21,22,21,26,23,23,22,21,27,25,22,25,24,20,21,16,25,19,20
Harrogate,Harrogate (District),E07000165,23,24,25,26,25,26,26,26,27,28,31,33,23,23,25,22,21,20,23,24,22,25,18,25,21,30,23,20,25,21,23,22,21,29,29,23,17,20,20,21
Harrow,Harrow (London borough),E09000015,13,14,14,15,16,19,21,20,21,20,23,21,23,26,32,44,53,64,46,34,34,33,22,21,19,20,20,16,13,21,20,21,19,18,24,23,23,21,22,19
Hart,Hart (District),E07000089,16,19,19,19,16,22,21,20,20,20,21,Missing,21,23,Missing,22,24,21,Missing,Missing,20,24,24,19,33,24,20,18,19,17,13,16,12,10,18,16,16,16,18,14
Hartlepool,Hartlepool (Unitary),E06000001,24,12,19,22,25,20,19,19,21,21,24,19,17,26,21,19,21,19,16,22,23,32,20,20,23,20,24,32,29,25,15,18,16,19,21,18,20,22,26,44
Hastings,Hastings (District),E07000062,13,14,13,12,11,13,13,12,10,11,13,14,15,16,15,14,16,15,15,13,14,16,16,17,17,16,18,20,18,14,14,15,13,17,15,15,11,15,14,14
Havant,Havant (District),E07000090,11,11,14,14,13,14,14,16,16,15,19,13,14,14,16,13,14,15,16,15,15,14,14,17,26,24,29,23,17,14,13,10,12,10,11,11,14,11,13,10
Havering,Havering (London borough),E09000016,21,27,32,34,28,27,41,29,21,17,19,19,18,19,23,22,20,20,23,22,21,21,21,19,19,20,20,21,18,20,21,20,15,15,16,13,17,15,17,15
Herefordshire,Herefordshire (Unitary),E06000019,28,23,16,15,14,13,11,13,11,13,14,12,15,17,16,16,13,16,Missing,30,28,25,27,29,22,20,21,21,18,18,21,17,17,15,16,18,16,17,22,18
Hertfordshire,Hertfordshire (County),E10000015,no value,no value,no value,no value,no value,no value,no value,no value,no value,no value,no value,no value,no value,no value,no value,no value,no value,no value,no value,no value,no value,no value,no value,no value,no value,no value,no value,no value,no value,no value,no value,no value,no value,no value,no value,no value,no value,no value,no value,no value
Hertsmere,Hertsmere (District),E07000098,37,23,23,20,17,18,15,18,16,19,19,17,19,20,21,19,14,17,20,19,14,17,21,20,27,22,22,21,17,17,10,13,11,13,23,17,17,19,17,18
High Peak,High Peak (District),E07000037,10,12,16,17,18,18,21,17,17,16,21,18,14,15,20,17,11,10,17,17,22,20,24,20,19,18,26,29,25,18,18,24,14,13,10,16,11,6,12,11
Hillingdon,Hillingdon (London borough),E09000017,22,25,24,22,19,12,12,9,10,10,9,9,11,11,10,11,10,11,15,20,21,23,27,33,36,35,30,31,32,28,33,26,18,21,22,24,27,26,23,17
Hinckley and Bosworth,Hinckley and Bosworth (District),E07000132,16,18,20,23,21,18,21,18,16,18,17,16,15,17,21,17,19,16,21,20,17,16,21,17,14,15,17,13,12,12,16,11,13,11,14,14,16,19,21,15
Horsham,Horsham (District),E07000227,15,17,16,18,17,19,18,16,15,16,18,18,19,19,18,19,20,18,19,18,20,22,22,23,21,21,24,33,32,24,19,14,17,16,18,21,23,21,24,23
Hounslow,Hounslow (London borough),E09000018,23,22,22,22,21,23,18,23,20,19,18,18,19,19,18,19,19,17,16,16,16,13,14,14,14,12,12,14,17,14,15,14,13,11,10,8,9,8,12,8
Huntingdonshire,Huntingdonshire (District),E07000011,24,24,38,25,23,24,27,23,24,25,32,29,22,21,23,22,23,26,24,23,23,24,25,25,22,23,24,23,22,24,23,21,22,26,24,18,20,21,24,23
Hyndburn,Hyndburn (District),E07000120,26,26,27,20,21,29,25,19,15,17,25,26,23,22,24,20,17,17,23,26,21,20,26,29,23,26,23,27,23,20,21,21,17,20,26,16,23,26,28,46
Ipswich,Ipswich (District),E07000202,25,25,38,23,22,20,23,21,20,21,21,22,21,23,23,21,22,26,29,32,24,23,25,30,29,22,25,14,14,15,15,15,15,12,21,16,16,19,23,23
Isle of Wight,Isle of Wight (Unitary),E06000046,19,17,18,17,17,19,22,24,21,19,19,17,14,16,16,19,16,19,19,20,19,17,21,18,19,18,16,17,17,12,12,12,14,12,12,11,15,13,16,13
Isles of Scilly,Isles of Scilly (Unitary),E06000053,no value,no value,no value,no value,no value,no value,no value,no value,no value,no value,no value,no value,no value,no value,no value,no value,no value,no value,no value,no value,no value,no value,no value,no value,no value,no value,no value,no value,no value,no value,no value,no value,no value,no value,no value,no value,no value,no value,no value,no value
Islington,Islington (London borough),E09000019,21,20,20,20,21,20,18,18,17,18,17,16,16,18,19,18,18,19,19,19,17,18,19,18,19,20,19,20,19,21,21,22,23,22,25,22,21,25,26,23
Kensington and Chelsea,Kensington and Chelsea (London borough),E09000020,16,14,17,14,17,17,18,18,17,15,13,9,9,9,11,9,10,10,12,11,10,11,12,12,11,10,14,11,10,12,12,10,14,11,11,13,10,13,16,10
Kent,Kent (County),E10000016,no value,no value,no value,no value,no value,no value,no value,no value,no value,no value,no value,no value,no value,no value,no value,no value,no value,no value,no value,no value,no value,no value,no value,no value,no value,no value,no value,no value,no value,no value,no value,no value,no value,no value,no value,no value,no value,no value,no value,no value
King's Lynn and West Norfolk,King's Lynn and West Norfolk (District),E07000146,19,19,no value,Missing,28,21,24,18,20,19,17,16,16,16,15,14,15,18,26,23,19,18,18,17,16,16,15,14,14,9,9,7,7,12,9,7,7,9,12,10
Kingston upon Hull,Kingston upon Hull (Unitary),E06000010,24,24,22,24,26,28,29,26,24,24,25,30,36,30,30,22,17,21,29,19,15,19,19,22,22,21,25,26,24,26,19,22,17,15,13,17,14,18,16,17
Kingston upon Thames,Kingston upon Thames (London borough),E09000021,24,24,27,30,27,31,30,28,24,26,19,19,22,23,23,22,22,22,23,22,21,22,24,21,18,18,22,25,23,22,19,16,16,16,22,19,18,22,32,25
Kirklees,Kirklees (Metropolitan borough),E08000034,23,26,30,33,30,25,23,21,22,26,25,23,21,23,27,24,21,22,26,23,22,20,24,24,26,24,24,23,21,20,22,18,18,19,18,17,22,21,20,25
Knowsley,Knowsley (Metropolitan borough),E08000011,27,31,34,35,24,23,28,28,31,37,37,31,28,35,35,32,27,30,28,33,37,40,28,27,26,27,29,26,26,30,25,22,23,27,19,23,19,23,21,19
Lambeth,Lambeth (London borough),E09000022,25,25,25,24,24,24,26,26,26,22,24,23,23,23,26,28,28,30,40,34,28,24,25,25,27,31,27,25,24,25,25,27,25,25,20,18,22,21,22,21
Lancashire,Lancashire (County),E10000017,no value,no value,no value,no value,no value,no value,no value,no value,no value,no value,no value,no value,no value,no value,no value,no value,no value,no value,no value,no value,no value,no value,no value,no value,no value,no value,no value,no value,no value,no value,no value,no value,no value,no value,no value,no value,no value,no value,no value,no value
Lancaster,Lancaster (District),E07000121,24,22,32,35,20,19,28,21,17,18,29,21,22,24,29,21,19,22,24,29,19,25,28,27,27,28,33,35,19,16,14,11,14,19,19,15,14,21,21,19
Leeds,Leeds (Metropolitan borough),E08000035,22,21,23,22,23,25,32,26,30,30,25,22,20,24,25,27,22,21,20,19,18,18,17,16,16,16,16,17,17,17,15,16,13,14,13,12,13,13,13,13
Leicester,Leicester (Unitary),E06000016,26,21,21,19,20,20,21,23,22,22,23,22,24,27,32,32,29,28,20,21,26,16,20,26,25,20,31,27,26,28,23,13,15,16,12,13,14,14,12,14
Leicestershire,Leicestershire (County),E10000018,no value,no value,no value,no value,no value,no value,no value,no value,no value,no value,no value,no value,no value,no value,no value,no value,no value,no value,no value,no value,no value,no value,no value,no value,no value,no value,no value,no value,no value,no value,no value,no value,no value,no value,no value,no value,no value,no value,no value,no value
Lewes,Lewes (District),E07000063,18,19,27,25,23,19,19,22,19,19,17,26,15,14,17,13,15,15,19,20,20,18,22,17,19,18,32,50,40,27,23,19,18,15,17,9,11,8,21,21
Lewisham,Lewisham (London borough),E09000023,12,11,8,12,14,15,16,14,14,12,21,18,16,18,19,19,19,19,20,21,20,18,21,20,19,16,15,18,12,10,11,10,11,11,11,11,10,13,13,13
Lichfield,Lichfield (District),E07000194,22,22,23,19,25,25,27,24,24,25,22,23,26,24,26,23,23,24,25,22,20,16,18,17,18,23,20,25,24,12,13,13,13,12,18,15,17,19,20,17
Lincoln,Lincoln (District),E07000138,16,no value,21,17,19,18,16,25,25,31,25,28,22,19,22,23,26,28,29,30,31,25,23,23,23,26,31,26,23,22,26,20,17,16,15,17,16,16,17,17
Lincolnshire,Lincolnshire (County),E10000019,no value,no value,no value,no value,no value,no value,no value,no value,no value,no value,no value,no value,no value,no value,no value,no value,no value,no value,no value,no value,no value,no value,no value,no value,no value,no value,no value,no value,no value,no value,no value,no value,no value,no value,no value,no value,no value,no value,no value,no value
Liverpool,Liverpool (Metropolitan borough),E08000012,23,25,24,25,24,25,27,24,23,23,26,24,23,24,24,24,25,24,25,22,24,23,24,23,22,22,24,24,23,24,22,21,22,24,23,25,27,23,23,24
Luton,Luton (Unitary),E06000032,16,16,18,19,18,18,23,22,19,23,26,23,23,28,41,46,43,34,40,35,33,31,27,23,28,27,24,19,26,29,35,38,24,20,19,15,21,17,22,19
Maidstone,Maidstone (District),E07000110,12,14,20,22,16,13,18,13,14,14,17,17,15,12,13,13,15,14,17,16,17,18,20,27,27,19,27,31,27,19,17,18,12,14,16,15,15,15,22,15
Maldon,Maldon (District),E07000074,8,11,13,15,10,13,11,17,15,14,26,22,11,15,18,12,12,12,11,14,16,18,17,12,11,15,35,32,18,24,15,9,7,21,8,12,13,8,15,17
Malvern Hills,Malvern Hills (District),E07000235,24,25,26,20,22,20,22,19,18,19,23,29,23,25,31,26,17,Missing,26,24,27,21,29,30,28,17,26,26,22,18,25,26,22,10,20,24,22,12,18,27
Manchester,Manchester (Metropolitan borough),E08000003,27,28,29,29,29,27,28,27,29,30,29,28,27,26,27,25,23,22,24,24,25,25,26,26,27,28,28,27,25,25,26,23,25,34,40,29,27,21,20,19
Mansfield,Mansfield (District),E07000174,31,31,37,37,31,28,29,29,29,25,26,26,24,23,21,21,19,21,22,23,22,25,24,23,22,22,16,17,17,17,17,18,23,18,21,19,23,25,20,19
Medway,Medway (Unitary),E06000035,23,34,40,32,28,27,33,28,30,34,43,44,36,33,35,33,44,48,40,33,26,29,31,35,29,28,29,29,28,29,31,23,26,22,24,19,25,25,21,23
Melton,Melton (District),E07000133,19,18,20,17,16,19,16,14,12,12,12,10,15,19,22,21,20,23,26,22,23,25,23,19,31,23,22,15,20,13,14,11,24,14,12,7,12,11,9,17
Mendip,Mendip (District),E07000187,19,18,23,22,21,20,16,20,16,23,26,23,20,19,24,17,20,18,21,23,20,20,15,13,16,23,27,13,12,13,11,11,10,13,16,14,16,14,14,15
Merton,Merton (London borough),E09000024,31,33,33,31,31,38,26,34,28,36,41,40,30,36,24,20,21,20,17,15,15,16,16,13,11,13,11,11,14,17,13,9,11,10,10,12,15,14,11,14
Mid Devon,Mid Devon (District),E07000042,16,16,17,17,19,20,23,18,17,17,17,15,15,15,Missing,18,14,13,15,14,14,13,16,16,17,16,20,23,20,21,19,15,18,14,11,16,13,16,18,20
Mid Suffolk,Mid Suffolk (District),E07000203,no value,47,41,37,32,28,28,23,24,23,23,22,23,22,25,22,23,20,22,23,23,21,24,30,29,24,26,14,17,16,17,19,14,14,21,14,16,19,24,23
Mid Sussex,Mid Sussex (District),E07000228,16,17,19,19,17,17,17,16,16,17,17,17,20,20,20,20,19,18,20,18,21,22,22,21,23,21,24,23,25,21,18,19,22,20,21,19,19,22,19,17
Middlesbrough,Middlesbrough (Unitary),E06000002,15,19,22,19,17,18,20,23,25,16,12,15,17,20,21,34,17,22,22,20,21,31,32,39,48,44,32,32,26,17,21,20,17,18,18,16,18,25,22,23
Milton Keynes,Milton Keynes (Unitary),E06000042,21,17,17,25,32,21,21,24,20,15,15,14,15,13,14,14,16,16,22,23,29,30,46,61,57,44,36,42,18,17,16,16,14,16,19,16,20,19,17,22
Mole Valley,Mole Valley (District),E07000210,16,22,30,24,19,19,24,19,20,22,29,20,16,16,18,18,20,21,24,18,20,21,19,15,16,15,18,15,14,13,12,10,10,11,16,12,13,11,17,13
New Forest,New Forest (District),E07000091,18,17,17,20,18,19,18,17,20,18,16,16,15,17,14,13,14,14,15,15,15,14,18,16,15,14,18,18,19,14,15,14,14,15,12,17,15,12,12,10
Newark and Sherwood,Newark and Sherwood (District),E07000175,28,26,30,33,31,33,41,40,34,24,24,30,32,27,33,27,26,23,27,28,29,25,30,27,28,29,29,32,30,22,19,16,19,19,25,24,19,19,20,20
Newcastle upon Tyne,Newcastle upon Tyne (Metropolitan borough),E08000021,23,22,27,28,26,23,26,30,33,37,30,28,26,26,23,29,27,32,31,28,23,24,25,19,21,16,18,18,20,21,14,16,13,18,16,17,20,19,16,17
Newcastle-under-Lyme,Newcastle-under-Lyme (District),E07000195,27,27,36,32,28,24,29,38,34,28,24,31,27,26,34,34,23,23,23,26,28,27,31,26,21,21,26,26,22,27,24,20,19,26,23,24,29,35,28,36
Newham,Newham (London borough),E09000025,33,30,38,54,45,35,33,29,29,30,31,28,24,25,24,25,23,26,29,26,20,21,24,22,24,24,30,23,22,27,23,15,15,16,18,31,32,32,37,30
Norfolk,Norfolk (County),E10000020,no value,no value,no value,no value,no value,no value,no value,no value,no value,no value,no value,no value,no value,no value,no value,no value,no value,no value,no value,no value,no value,no value,no value,no value,no value,no value,no value,no value,no value,no value,no value,no value,no value,no value,no value,no value,no value,no value,no value,no value
North Devon,North Devon (District),E07000043,14,14,15,13,16,17,17,13,13,13,13,13,12,14,12,11,11,14,16,14,15,17,19,18,17,19,19,21,Missing,18,21,17,18,20,30,23,24,24,24,20
North East Derbyshire,North East Derbyshire (District),E07000038,20,20,23,23,21,23,22,22,20,21,22,21,20,20,26,23,24,23,25,23,20,21,20,20,17,18,18,18,20,17,15,15,19,11,28,27,17,16,21,18
North East Lincolnshire,North East Lincolnshire (Unitary),E06000012,21,24,27,25,23,24,32,31,28,34,42,31,26,20,21,19,21,24,29,35,38,31,33,27,24,36,39,21,21,24,22,18,25,22,25,22,18,21,37,42
North Hertfordshire,North Hertfordshire (District),E07000099,21,14,17,21,18,19,25,28,17,19,24,17,15,26,32,22,20,18,25,25,23,24,29,24,23,18,30,21,19,17,17,16,18,12,13,12,14,17,16,16
North Kesteven,North Kesteven (District),E07000139,11,13,13,11,13,12,13,11,12,10,13,13,11,12,13,12,17,15,16,18,16,18,22,17,22,21,27,27,25,39,28,15,18,14,14,13,11,16,14,17
North Lincolnshire,North Lincolnshire (Unitary),E06000013,20,20,27,26,23,32,40,37,34,36,36,35,32,30,31,25,24,31,36,46,44,34,33,29,28,38,39,22,20,26,24,25,22,20,17,21,20,17,28,37
North Norfolk,North Norfolk (District),E07000147,18,16,no value,Missing,Missing,Missing,Missing,21,20,18,20,20,14,14,16,16,15,20,19,20,16,19,18,15,19,19,18,18,16,21,12,12,11,11,13,11,11,12,11,12
North Northamptonshire,North Northamptonshire,E06000061,no value,no value,no value,no value,no value,no value,no value,no value,no value,no value,no value,no value,no value,no value,no value,no value,no value,no value,no value,no value,no value,no value,no value,no value,no value,no value,no value,no value,no value,no value,no value,no value,no value,no value,no value,no value,no value,no value,27,24
North Somerset,North Somerset (Unitary),E06000024,21,20,21,20,20,21,21,21,20,21,20,20,21,19,18,18,17,18,17,16,16,15,16,14,15,14,14,13,13,9,10,8,7,8,9,8,8,8,8,7
North Tyneside,North Tyneside (Metropolitan borough),E08000022,34,30,29,Missing,26,29,22,27,20,25,32,34,27,33,23,21,25,24,27,25,24,23,22,22,21,24,23,21,22,19,20,16,12,17,21,15,19,22,19,15
North Warwickshire,North Warwickshire (District),E07000218,18,20,22,22,20,18,19,17,19,22,30,22,23,20,25,23,20,32,25,19,22,18,18,17,17,15,14,17,99,Missing,Missing,24,15,30,24,23,32,34,19,19
North West Leicestershire,North West Leicestershire (District),E07000134,30,25,22,24,23,20,23,19,16,18,17,17,16,16,22,20,20,16,19,22,16,18,19,17,17,16,18,14,15,13,10,10,11,12,20,13,14,16,21,14
North Yorkshire,North Yorkshire (County),E10000023,no value,no value,no value,no value,no value,no value,no value,no value,no value,no value,no value,no value,no value,no value,no value,no value,no value,no value,no value,no value,no value,no value,no value,no value,no value,no value,no value,no value,no value,no value,no value,no value,no value,no value,no value,no value,no value,no value,no value,no value
Northumberland,Northumberland (Unitary),E06000057,18,19,20,20,17,18,20,20,16,15,16,16,15,15,18,17,16,16,17,16,15,15,16,17,15,15,16,15,17,23,20,18,17,16,18,13,18,19,18,16
Norwich,Norwich (District),E07000148,32,36,38,47,35,35,42,32,20,22,22,25,26,28,31,29,Missing,24,23,22,25,21,24,22,21,21,23,26,26,24,27,30,23,20,20,16,19,33,35,24
Nottingham,Nottingham (Unitary),E06000018,57,54,47,35,37,42,50,44,35,34,28,27,29,29,29,28,28,23,25,25,28,29,27,24,27,29,33,29,29,26,21,24,28,32,28,21,25,28,35,45
Nottinghamshire,Nottinghamshire (County),E10000024,no value,no value,no value,no value,no value,no value,no value,no value,no value,no value,no value,no value,no value,no value,no value,no value,no value,no value,no value,no value,no value,no value,no value,no value,no value,no value,no value,no value,no value,no value,no value,no value,no value,no value,no value,no value,no value,no value,no value,no value
Nuneaton and Bedworth,Nuneaton and Bedworth (District),E07000219,19,21,24,22,20,18,18,16,14,18,22,22,22,21,18,14,16,16,19,17,17,16,19,19,17,17,18,16,17,18,18,13,14,17,14,11,15,19,22,17
Oadby and Wigston,Oadby and Wigston (District),E07000135,12,12,16,14,15,15,14,15,14,14,13,18,16,21,22,19,16,16,14,16,17,16,19,17,13,17,18,13,15,21,21,17,18,17,21,13,26,10,28,40
Oldham,Oldham (Metropolitan borough),E08000004,22,23,24,23,23,21,28,24,30,29,34,38,39,41,36,29,28,31,28,27,27,30,38,26,21,20,23,24,21,26,29,29,21,19,34,31,20,23,30,72
Oxford,Oxford (District),E07000178,22,19,23,21,25,35,24,18,14,13,14,11,12,12,16,20,12,9,13,13,12,13,20,21,20,12,13,14,16,17,15,17,13,15,14,15,12,13,18,Missing
Oxfordshire,Oxfordshire (County),E10000025,no value,no value,no value,no value,no value,no value,no value,no value,no value,no value,no value,no value,no value,no value,no value,no value,no value,no value,no value,no value,no value,no value,no value,no value,no value,no value,no value,no value,no value,no value,no value,no value,no value,no value,no value,no value,no value,no value,no value,no value
Pendle,Pendle (District),E07000122,22,21,23,21,21,23,18,27,30,24,19,20,20,20,19,20,19,19,19,20,19,19,18,19,20,19,19,20,18,14,16,10,9,10,10,9,9,9,11,7
Peterborough,Peterborough (Unitary),E06000031,36,43,36,38,48,46,38,32,27,34,32,25,23,23,20,17,16,15,19,22,30,37,26,26,26,14,12,12,15,12,13,11,11,8,14,9,12,15,17,16
Plymouth,Plymouth (Unitary),E06000026,27,27,23,22,20,15,14,12,10,17,17,13,19,24,21,21,24,28,35,28,23,18,20,19,19,21,22,22,22,20,18,16,15,16,20,15,18,22,20,19
Portsmouth,Portsmouth (Unitary),E06000044,24,22,28,30,26,26,31,30,27,29,26,31,30,29,31,28,23,23,24,23,24,23,22,28,24,24,23,19,25,27,18,15,16,19,17,14,20,20,23,26
Preston,Preston (District),E07000123,20,21,26,13,11,11,20,22,15,16,16,15,14,17,18,23,25,27,29,18,17,20,27,20,23,28,30,26,23,26,25,31,17,18,21,14,13,14,15,16
Reading,Reading (Unitary),E06000038,17,17,16,17,17,21,21,18,15,16,23,23,23,21,24,24,22,21,19,21,20,19,22,20,19,22,21,24,19,16,21,15,12,13,10,9,11,13,18,19
Redbridge,Redbridge (London borough),E09000026,24,27,31,29,24,27,27,28,26,27,28,26,26,27,28,25,26,26,25,26,27,27,26,26,26,27,26,27,26,27,27,20,18,22,28,25,26,19,14,12
Redcar and Cleveland,Redcar and Cleveland (Unitary),E06000003,21,25,26,27,22,23,26,25,27,21,19,20,19,21,20,23,25,21,21,20,19,19,19,20,23,20,22,20,19,16,14,13,11,9,9,9,9,10,8,10
Redditch,Redditch (District),E07000236,15,16,16,20,15,17,11,18,14,16,17,17,16,20,23,22,21,31,36,36,24,26,23,24,34,75,83,82,53,36,26,23,24,24,22,22,19,23,26,19
Reigate and Banstead,Reigate and Banstead (District),E07000211,18,20,20,20,26,25,27,20,20,21,19,18,22,23,22,20,21,23,23,19,21,22,23,21,22,21,24,23,23,20,20,16,18,21,22,23,24,24,25,25
Ribble Valley,Ribble Valley (District),E07000124,20,22,23,21,24,22,24,20,24,24,22,18,19,20,25,22,20,22,21,18,13,18,23,15,19,17,16,15,17,13,12,9,10,11,6,6,5,6,5,4
Richmond upon Thames,Richmond upon Thames (London borough),E09000027,17,18,27,24,22,16,19,19,19,17,24,22,18,21,29,30,26,19,30,24,21,19,27,21,19,17,18,20,18,17,19,18,19,19,20,24,21,24,24,21
Richmondshire,Richmondshire (District),E07000166,no value,no value,32,30,37,46,36,40,24,45,45,38,25,24,35,46,40,19,19,16,15,22,13,14,19,24,14,23,21,33,39,23,21,26,26,18,26,26,38,29
Rochdale,Rochdale (Metropolitan borough),E08000005,21,25,33,36,31,24,23,27,27,27,33,37,30,34,37,35,26,22,23,22,23,24,27,23,23,24,32,24,19,16,14,17,30,22,18,20,17,17,18,16
Rochford,Rochford (District),E07000075,21,17,26,25,31,25,21,25,23,18,33,Missing,16,20,19,17,22,16,23,31,30,21,11,25,22,23,21,20,18,28,23,16,14,12,28,20,24,16,13,15
Rossendale,Rossendale (District),E07000125,21,21,31,27,23,24,25,26,30,24,32,28,29,19,20,18,20,20,20,18,19,17,21,19,18,18,19,20,23,18,16,14,16,13,18,16,17,16,18,17
Rother,Rother (District),E07000064,30,18,20,21,20,23,20,21,24,31,43,31,32,28,32,36,33,24,32,35,34,37,32,38,30,41,42,32,24,22,18,18,16,16,25,19,19,16,16,16
Rotherham,Rotherham (Metropolitan borough),E08000018,21,23,24,23,21,21,19,19,21,21,23,19,19,18,20,20,21,20,22,22,23,22,22,23,28,26,26,28,27,25,25,25,21,27,17,32,17,16,Missing,20
Rugby,Rugby (District),E07000220,18,18,16,16,18,19,22,23,23,23,20,19,20,22,27,26,27,34,39,32,32,35,26,28,22,29,31,31,26,31,24,31,33,38,30,23,15,22,22,23
Runnymede,Runnymede (District),E07000212,15,13,16,16,14,15,15,16,17,17,18,17,16,16,19,21,20,19,21,18,16,17,21,20,24,26,22,19,18,22,21,21,23,24,19,14,19,18,23,22
Rushcliffe,Rushcliffe (District),E07000176,10,12,13,8,10,12,12,12,12,13,13,13,10,14,16,13,15,17,13,14,14,17,16,16,17,16,17,16,17,17,13,12,15,11,15,10,12,10,11,13
Rushmoor,Rushmoor (District),E07000092,7,6,5,7,6,6,5,5,4,4,5,5,5,5,4,4,4,4,5,4,4,3,4,5,4,4,4,5,5,3,3,2,3,3,5,4,6,6,5,4
Rutland,Rutland (Unitary),E06000017,13,14,no value,19,17,23,21,20,17,18,22,20,22,16,15,19,21,16,18,22,27,22,20,Missing,23,24,33,27,Missing,26,26,23,17,16,25,32,18,12,34,28
Ryedale,Ryedale (District),E07000167,26,35,43,52,50,41,58,68,67,60,63,33,23,18,19,20,21,17,24,34,38,24,22,17,12,11,18,19,15,12,20,13,9,7,7,7,9,6,6,8
Salford,Salford (Metropolitan borough),E08000006,35,27,27,42,41,31,30,24,21,24,36,45,42,38,29,29,28,45,48,31,23,24,28,21,26,21,25,25,32,13,10,13,10,15,19,19,22,27,20,21
Sandwell,Sandwell (Metropolitan borough),E08000028,23,23,24,24,22,21,24,22,23,25,23,22,22,25,29,25,25,31,33,31,28,29,29,31,28,28,27,27,25,20,19,19,17,21,21,15,14,17,19,18
Scarborough,Scarborough (District),E07000168,14,14,15,14,14,15,17,20,17,19,21,18,22,21,21,19,17,17,21,17,16,19,23,21,18,19,23,25,20,17,14,15,12,16,11,15,16,17,16,19
Sedgemoor,Sedgemoor (District),E07000188,7,9,8,8,9,11,9,10,8,9,11,7,6,7,11,10,8,6,8,9,10,7,7,8,6,6,8,11,8,8,12,6,9,10,16,11,16,17,19,21
Sefton,Sefton (Metropolitan borough),E08000014,21,28,42,33,20,26,22,20,27,29,28,25,25,24,23,24,25,29,29,24,19,22,26,23,23,23,24,26,27,27,29,24,26,27,24,26,27,28,27,28
Selby,Selby (District),E07000169,34,29,36,45,45,27,25,20,23,21,29,27,23,23,22,18,19,24,23,23,20,28,28,26,21,25,26,22,21,23,17,21,23,23,34,17,20,22,23,20
Sevenoaks,Sevenoaks (District),E07000111,40,41,50,49,33,28,29,26,28,31,26,26,24,28,27,25,22,24,26,28,35,32,24,21,24,22,29,25,22,19,18,13,18,21,23,15,17,13,16,21
Sheffield,Sheffield (Metropolitan borough),E08000019,24,23,23,24,25,22,23,20,21,21,24,22,21,21,25,27,23,20,23,23,23,21,24,24,25,19,23,28,28,17,13,13,12,12,25,21,19,22,35,36
Shropshire,Shropshire (Unitary),E06000051,27,29,36,34,32,36,40,41,39,36,41,24,25,31,30,28,34,44,43,31,27,28,26,23,25,33,33,24,22,22,33,25,22,26,25,23,24,25,23,25
Slough,Slough (Unitary),E06000039,18,17,26,40,23,19,23,21,18,19,28,21,16,17,36,22,13,14,16,19,18,19,22,21,17,21,33,18,16,17,21,23,24,25,21,21,19,32,31,28
Solihull,Solihull (Metropolitan borough),E08000029,25,26,33,29,25,22,28,33,24,22,23,22,20,22,23,22,28,40,34,31,26,24,25,30,30,21,16,14,14,18,21,17,17,16,23,18,20,27,21,33
Somerset,Somerset (County),E10000027,no value,no value,no value,no value,no value,no value,no value,no value,no value,no value,no value,no value,no value,no value,no value,no value,no value,no value,no value,no value,no value,no value,no value,no value,no value,no value,no value,no value,no value,no value,no value,no value,no value,no value,no value,no value,no value,no value,no value,no value
Somerset West and Taunton,Somerset West and Taunton (District),E07000246,no value,no value,no value,no value,no value,no value,no value,no value,no value,no value,no value,no value,no value,no value,no value,no value,no value,no value,no value,no value,no value,no value,no value,no value,no value,no value,no value,no value,no value,no value,24,21,20,20,20,17,18,14,16,15
South Cambridgeshire,South Cambridgeshire (District),E07000012,25,28,23,14,18,11,13,13,13,13,19,17,18,25,22,22,16,14,11,13,12,17,26,23,11,11,11,11,8,10,15,11,10,10,15,12,8,16,16,14
South Derbyshire,South Derbyshire (District),E07000039,15,17,16,14,15,15,18,16,11,16,28,60,49,16,17,22,12,15,34,22,24,18,16,13,17,17,18,19,16,19,22,15,12,14,16,18,14,20,23,28
South Gloucestershire,South Gloucestershire (Unitary),E06000025,24,26,35,27,25,24,35,30,33,34,27,21,26,23,29,42,31,24,26,30,31,29,29,29,29,31,31,34,35,32,26,26,24,23,25,31,25,24,16,20
South Hams,South Hams (District),E07000044,20,22,22,26,26,29,35,33,25,28,23,18,20,23,28,29,29,33,47,29,25,39,27,18,21,25,25,20,12,15,16,14,13,16,19,17,15,19,14,16
South Holland,South Holland (District),E07000140,23,15,14,17,18,20,19,18,22,31,31,21,22,14,18,22,16,17,21,25,23,21,19,19,18,19,18,19,18,14,19,19,12,18,24,18,17,27,24,27
South Kesteven,South Kesteven (District),E07000141,15,16,15,15,14,14,16,13,13,9,10,11,11,12,11,13,11,14,14,13,13,12,12,13,13,15,17,15,15,12,12,9,10,15,20,25,25,19,15,16
South Lakeland,South Lakeland (District),E07000031,26,no value,30,26,23,28,31,28,24,26,24,25,26,28,21,20,18,21,20,18,21,20,23,26,24,31,28,27,26,25,19,18,17,18,27,17,22,20,19,22
South Norfolk,South Norfolk (District),E07000149,8,10,16,10,11,11,11,13,13,13,15,13,10,11,15,14,7,5,8,10,8,10,15,8,8,9,9,10,12,6,6,8,9,9,7,9,10,8,9,9
South Oxfordshire,South Oxfordshire (District),E07000179,14,15,15,10,12,10,10,13,16,15,17,16,16,12,13,11,13,14,21,12,14,14,18,16,18,16,14,11,14,10,12,14,10,11,11,10,14,14,17,16
South Ribble,South Ribble (District),E07000126,20,25,29,29,26,27,25,23,22,22,19,22,26,26,29,26,25,28,28,23,23,26,25,19,20,19,24,26,22,20,18,15,15,17,14,17,16,14,16,20
South Somerset,South Somerset (District),E07000189,17,17,27,34,29,31,51,41,32,30,30,22,15,18,25,33,30,29,23,19,21,30,44,36,28,25,31,30,24,29,37,41,25,23,34,43,33,49,69,78
South Staffordshire,South Staffordshire (District),E07000196,16,16,18,13,13,16,14,18,13,14,17,13,14,17,15,15,20,24,20,17,16,15,12,14,14,16,13,16,17,16,15,19,18,19,19,15,18,23,23,19
South Tyneside,South Tyneside (Metropolitan borough),E08000023,18,18,24,27,25,22,29,24,22,19,21,21,21,18,23,21,20,22,26,27,25,22,24,22,22,23,26,28,25,23,26,28,30,32,31,18,19,23,22,22
Southampton,Southampton (Unitary),E06000045,14,16,16,16,15,15,15,14,15,15,16,18,18,18,20,21,20,19,20,20,19,19,19,18,15,14,15,15,15,15,16,17,14,16,19,14,15,15,19,14
Southend-on-Sea,Southend-on-Sea (Unitary),E06000033,14,18,23,24,19,25,26,16,17,26,37,34,27,26,24,20,16,18,30,28,22,19,23,25,29,35,32,23,24,24,26,24,28,26,26,20,28,24,25,22
Southwark,Southwark (London borough),E09000028,21,20,23,23,26,28,28,24,16,17,19,21,22,23,25,33,19,21,24,26,27,23,25,28,28,31,20,18,20,20,22,18,18,22,18,19,17,20,20,22
Spelthorne,Spelthorne (District),E07000213,25,27,29,32,27,28,28,28,27,24,27,25,25,21,25,26,23,14,25,26,23,17,22,26,24,17,23,25,24,20,27,23,26,27,35,37,35,11,21,26
St Albans,St Albans (District),E07000240,30,29,40,28,33,36,43,39,43,30,24,21,24,26,25,26,23,31,27,27,20,21,22,22,25,17,13,13,15,14,17,15,13,13,14,13,12,13,13,11
St. Helens,St. Helens (Metropolitan borough),E08000013,20,22,25,22,21,22,25,27,28,25,27,25,25,23,26,28,27,24,28,25,22,22,28,29,28,25,27,27,23,20,21,22,18,18,19,18,20,25,27,28
Stafford,Stafford (District),E07000197,14,14,13,17,13,18,19,15,11,16,17,19,17,13,13,12,15,14,21,19,11,12,19,14,19,21,20,10,15,19,24,29,26,17,24,70,42,29,21,22
Staffordshire,Staffordshire (County),E10000028,no value,no value,no value,no value,no value,no value,no value,no value,no value,no value,no value,no value,no value,no value,no value,no value,no value,no value,no value,no value,no value,no value,no value,no value,no value,no value,no value,no value,no value,no value,no value,no value,no value,no value,no value,no value,no value,no value,no value,no value
Staffordshire Moorlands,Staffordshire Moorlands (District),E07000198,19,21,24,23,22,21,26,17,19,20,20,17,17,15,19,19,17,13,18,17,20,23,22,17,20,18,24,28,18,24,18,17,12,14,4,10,11,7,10,6
Stevenage,Stevenage (District),E07000243,22,29,39,41,39,38,44,33,26,18,27,29,24,21,24,23,23,22,24,24,21,22,28,23,21,19,22,22,23,15,25,18,16,19,28,21,21,22,28,23
Stockport,Stockport (Metropolitan borough),E08000007,21,18,20,20,20,18,14,25,19,17,22,21,24,35,34,35,23,25,24,21,24,23,27,22,23,21,20,19,21,17,17,17,19,17,16,13,16,14,12,14
Stockton-on-Tees,Stockton-on-Tees (Unitary),E06000004,15,17,22,22,18,18,17,18,17,23,17,16,17,16,17,18,18,25,23,22,21,20,22,29,30,28,28,22,15,15,21,19,14,15,12,12,14,14,13,15
Stoke-on-Trent,Stoke-on-Trent (Unitary),E06000021,9,13,14,13,14,11,15,15,15,15,18,15,13,13,15,15,15,16,18,16,16,17,19,19,19,17,22,18,16,14,18,16,11,11,14,17,18,15,15,13
Stratford-on-Avon,Stratford-on-Avon (District),E07000221,24,28,24,17,18,21,22,17,14,28,18,16,16,18,19,20,19,22,23,19,21,25,28,25,17,20,20,23,22,27,27,22,19,22,26,15,23,25,27,29
Stroud,Stroud (District),E07000082,17,19,19,18,19,20,17,14,13,17,16,12,14,17,20,19,15,17,22,26,Missing,20,26,20,26,26,27,30,27,14,13,13,16,11,16,18,19,35,21,34
Suffolk,Suffolk (County),E10000029,no value,no value,no value,no value,no value,no value,no value,no value,no value,no value,no value,no value,no value,no value,no value,no value,no value,no value,no value,no value,no value,no value,no value,no value,no value,no value,no value,no value,no value,no value,no value,no value,no value,no value,no value,no value,no value,no value,no value,no value
Sunderland,Sunderland (Metropolitan borough),E08000024,20,22,29,25,24,21,11,23,20,22,26,27,25,23,23,22,19,23,24,Missing,22,22,21,20,18,19,24,22,19,21,22,25,20,25,21,18,17,20,25,16
Surrey,Surrey (County),E10000030,no value,no value,no value,no value,no value,no value,no value,no value,no value,no value,no value,no value,no value,no value,no value,no value,no value,no value,no value,no value,no value,no value,no value,no value,no value,no value,no value,no value,no value,no value,no value,no value,no value,no value,no value,no value,no value,no value,no value,no value
Surrey Heath,Surrey Heath (District),E07000214,21,23,16,16,16,26,24,31,22,28,26,26,23,21,19,19,24,25,22,26,24,23,26,30,22,27,26,25,25,17,20,19,19,18,25,21,24,25,15,22
Sutton,Sutton (London borough),E09000029,15,14,16,18,19,16,18,16,16,17,24,23,21,21,21,21,21,19,16,13,14,14,17,16,15,14,14,15,15,14,14,15,16,13,15,18,14,14,14,16
Swale,Swale (District),E07000113,13,17,24,18,18,17,23,17,18,16,16,14,15,13,18,16,16,20,26,22,19,16,23,19,17,18,18,16,15,16,20,15,16,12,15,16,11,13,13,13
Swindon,Swindon (Unitary),E06000030,17,17,18,17,17,17,16,16,16,17,17,16,16,16,16,16,18,17,19,19,18,10,14,14,16,14,14,18,19,17,17,14,13,13,16,13,15,14,15,12
Tameside,Tameside (Metropolitan borough),E08000008,27,28,32,36,31,30,33,26,18,20,25,25,25,24,28,25,25,24,26,27,27,29,31,35,28,27,25,20,17,17,19,18,18,18,22,23,22,26,26,20
Tamworth,Tamworth (District),E07000199,27,25,29,32,29,27,32,36,31,27,31,33,33,30,30,27,33,26,34,30,26,19,24,22,21,33,26,26,20,11,19,14,14,19,17,16,23,25,17,25
Tandridge,Tandridge (District),E07000215,20,19,18,20,19,21,23,20,18,18,23,22,27,18,21,20,19,21,21,22,26,23,20,19,25,26,28,26,30,27,38,37,37,28,24,21,26,24,43,Missing
Teignbridge,Teignbridge (District),E07000045,17,17,no value,31,21,19,16,20,16,16,13,11,15,19,14,10,12,14,15,16,16,16,18,14,13,14,13,14,12,11,12,9,14,11,12,9,9,13,12,16
Telford and Wrekin,Telford and Wrekin (Unitary),E06000020,14,14,15,13,12,13,14,11,11,12,11,11,10,11,9,9,9,9,9,10,13,13,16,12,11,9,9,10,12,14,11,11,7,9,15,11,9,8,7,10
Tendring,Tendring (District),E07000076,4,4,6,6,4,8,7,5,6,5,7,7,8,9,10,9,8,9,11,12,12,13,16,17,15,12,12,14,18,17,23,26,23,28,23,19,12,23,16,18
Test Valley,Test Valley (District),E07000093,15,17,20,17,14,17,20,19,20,19,21,23,20,21,22,23,25,25,23,20,19,20,20,18,19,17,18,20,17,22,21,24,26,25,26,19,20,19,16,29
Tewkesbury,Tewkesbury (District),E07000083,26,36,33,28,30,28,28,28,25,27,27,20,11,13,16,11,10,15,16,16,19,14,11,15,14,17,27,26,18,16,9,5,6,3,10,6,7,6,7,5
Thanet,Thanet (District),E07000114,17,21,21,21,22,18,11,16,18,17,17,19,15,15,16,16,15,18,18,19,18,20,19,19,17,12,13,15,17,21,18,16,14,17,16,15,15,22,32,22
Three Rivers,Three Rivers (District),E07000102,36,29,35,28,19,22,21,18,20,17,17,16,19,23,19,17,17,22,18,17,16,19,14,13,10,11,12,17,10,10,4,7,6,13,17,7,6,8,10,10
Thurrock,Thurrock (Unitary),E06000034,13,13,15,14,15,26,28,23,31,37,31,29,18,17,15,16,21,19,17,16,17,17,19,18,17,20,23,27,24,21,16,15,15,9,8,7,8,15,12,8
Tonbridge and Malling,Tonbridge and Malling (District),E07000115,21,23,30,33,23,25,36,43,35,32,32,17,11,13,15,13,14,12,14,14,15,14,16,11,10,12,12,12,14,12,12,13,9,12,11,14,10,13,13,13
Torbay,Torbay (Unitary),E06000027,16,20,17,21,19,23,18,23,21,31,38,36,42,35,21,23,31,34,26,20,18,18,19,19,19,22,31,36,37,21,22,22,22,19,25,25,21,25,29,36
Torridge,Torridge (District),E07000046,15,16,16,14,14,16,15,15,15,16,16,15,16,17,17,15,16,16,16,15,15,18,20,19,17,18,19,18,19,16,19,16,19,20,26,24,19,36,49,63
Tower Hamlets,Tower Hamlets (London borough),E09000030,22,21,23,22,22,24,25,24,22,25,22,22,23,25,25,26,24,24,22,24,23,23,20,19,20,20,20,17,18,21,22,17,17,18,19,24,28,31,36,27
Trafford,Trafford (Metropolitan borough),E08000009,13,14,14,14,15,17,13,22,15,15,16,16,14,12,13,20,25,31,19,17,19,16,14,17,15,20,18,15,18,20,15,15,20,15,20,23,24,23,32,29
Tunbridge Wells,Tunbridge Wells (District),E07000116,15,15,23,23,18,15,20,13,15,15,19,16,17,14,15,13,14,14,19,16,17,19,21,28,28,19,26,31,30,21,18,16,17,17,19,15,19,21,21,20
Uttlesford,Uttlesford (District),E07000077,18,18,20,20,24,23,21,25,20,21,20,23,21,23,18,17,23,25,25,18,17,25,19,17,20,15,21,23,15,14,16,16,10,13,16,14,14,11,13,19
Vale of White Horse,Vale of White Horse (District),E07000180,14,15,15,10,14,10,11,12,14,16,16,15,12,10,9,12,10,13,22,10,12,13,15,16,17,13,12,13,14,12,11,12,12,12,12,13,15,10,14,17
Wakefield,Wakefield (Metropolitan borough),E08000036,28,22,23,21,20,22,26,23,24,26,25,22,22,23,27,23,21,20,25,25,24,24,27,24,20,21,26,26,23,23,21,18,17,18,18,12,15,12,18,15
Walsall,Walsall (Metropolitan borough),E08000030,31,31,33,36,36,43,35,34,29,31,36,32,30,19,18,17,19,20,22,20,22,22,26,21,19,19,23,22,16,18,16,11,8,8,6,7,6,7,8,6
Waltham Forest,Waltham Forest (London borough),E09000031,46,53,51,52,54,48,49,36,24,23,24,23,21,20,19,17,19,20,19,14,15,12,16,16,17,16,18,13,13,13,16,14,14,14,13,13,16,22,13,15
Wandsworth,Wandsworth (London borough),E09000032,19,19,21,21,22,23,24,22,24,25,26,24,24,22,23,23,22,21,22,22,21,21,21,22,23,21,22,21,18,18,18,18,21,19,21,22,21,24,22,22
Warrington,Warrington (Unitary),E06000007,14,no value,28,27,24,27,29,31,23,22,31,28,17,22,27,28,25,23,27,32,25,29,35,25,23,18,23,17,18,20,24,17,11,10,19,23,25,21,23,26
Warwick,Warwick (District),E07000222,23,21,22,19,19,21,25,23,21,26,28,23,27,26,25,21,26,35,30,30,28,30,37,37,38,31,30,25,28,34,29,20,23,23,23,15,13,22,26,21
Warwickshire,Warwickshire (County),E10000031,no value,no value,no value,no value,no value,no value,no value,no value,no value,no value,no value,no value,no value,no value,no value,no value,no value,no value,no value,no value,no value,no value,no value,no value,no value,no value,no value,no value,no value,no value,no value,no value,no value,no value,no value,no value,no value,no value,no value,no value
Watford,Watford (District),E07000103,35,29,37,26,17,18,20,16,17,15,15,15,20,24,22,18,21,18,21,17,17,18,16,18,12,11,12,13,10,8,6,6,10,12,14,6,8,8,9,10
Waverley,Waverley (District),E07000216,16,14,15,17,17,19,18,12,19,20,21,20,20,22,23,31,20,17,20,15,16,17,17,17,12,12,13,10,13,23,8,11,12,12,21,17,11,10,12,10
Wealden,Wealden (District),E07000065,23,20,23,28,20,26,34,27,18,22,33,28,25,21,23,31,27,28,34,29,25,20,24,28,26,29,27,27,30,25,27,25,17,19,20,19,18,24,23,17
Welwyn Hatfield,Welwyn Hatfield (District),E07000241,16,16,17,16,14,20,12,11,14,22,19,12,12,16,18,11,13,15,17,12,13,12,13,14,15,16,12,12,10,8,6,6,6,11,15,9,11,8,11,10
West Berkshire,West Berkshire (Unitary),E06000037,18,19,19,20,18,18,19,19,18,20,20,18,19,18,21,21,19,23,25,16,26,19,21,16,21,24,24,24,23,19,21,19,20,22,20,18,18,22,14,23
West Devon,West Devon (District),E07000047,17,14,14,17,18,Missing,29,26,35,22,21,21,21,23,23,25,27,27,37,23,22,39,32,19,22,20,27,20,16,14,15,14,13,15,21,15,18,16,15,16
West Lancashire,West Lancashire (District),E07000127,15,19,21,20,23,Missing,31,24,23,26,24,36,29,26,31,24,23,25,28,27,26,24,27,22,23,30,22,26,34,27,24,20,15,17,28,24,27,27,30,32
West Lindsey,West Lindsey (District),E07000142,14,16,16,16,14,16,16,19,19,24,26,22,18,20,21,21,18,20,20,19,21,20,20,21,20,18,24,20,19,15,19,14,18,19,14,18,12,17,16,22
West Northamptonshire,West Northamptonshire,E06000062,no value,no value,no value,no value,no value,no value,no value,no value,no value,no value,no value,no value,no value,no value,no value,no value,no value,no value,no value,no value,no value,no value,no value,no value,no value,no value,no value,no value,no value,no value,no value,no value,no value,no value,no value,no value,no value,no value,29,24
West Oxfordshire,West Oxfordshire (District),E07000181,15,13,17,14,11,15,16,15,12,7,11,13,15,11,15,19,15,13,16,15,13,12,18,15,15,14,18,17,15,16,17,24,16,14,17,18,20,32,28,25
West Suffolk,West Suffolk (District),E07000245,no value,no value,no value,no value,no value,no value,no value,no value,no value,no value,no value,no value,no value,no value,no value,no value,no value,no value,no value,no value,no value,no value,no value,no value,no value,no value,no value,no value,no value,no value,21,13,11,12,15,13,10,16,20,24
West Sussex,West Sussex (County),E10000032,no value,no value,no value,no value,no value,no value,no value,no value,no value,no value,no value,no value,no value,no value,no value,no value,no value,no value,no value,no value,no value,no value,no value,no value,no value,no value,no value,no value,no value,no value,no value,no value,no value,no value,no value,no value,no value,no value,no value,no value
Westminster,Westminster (London borough),E09000033,24,27,29,32,30,30,31,29,30,27,27,30,31,32,35,29,29,27,33,32,27,25,27,27,28,27,27,23,22,20,19,20,16,16,19,18,18,18,20,21
Wigan,Wigan (Metropolitan borough),E08000010,47,41,47,35,35,32,35,39,37,38,44,37,54,70,48,45,46,54,56,50,35,29,27,27,25,22,27,24,20,19,14,14,13,12,11,11,11,11,12,12
Wiltshire,Wiltshire (Unitary),E06000054,no value,49,50,28,26,26,33,27,23,27,30,26,19,22,21,18,21,30,28,25,29,36,37,34,24,22,23,21,23,21,22,21,20,29,24,19,20,25,27,30
Winchester,Winchester (District),E07000094,20,19,21,15,16,16,19,18,16,20,20,19,18,22,21,18,15,15,18,17,13,12,10,11,12,14,15,14,12,14,11,12,13,12,14,11,10,18,19,29
Windsor and Maidenhead,Windsor and Maidenhead (Unitary),E06000040,18,13,20,20,20,23,24,20,21,25,31,29,23,20,18,13,6,6,7,7,7,5,8,9,5,8,10,11,10,11,11,10,10,11,18,10,9,10,9,10
Wirral,Wirral (Metropolitan borough),E08000015,22,27,22,18,17,19,22,25,25,27,33,26,24,27,39,22,21,24,26,25,22,24,26,24,26,27,31,25,19,21,21,20,16,23,26,22,20,25,20,19
Woking,Woking (District),E07000217,24,25,25,28,23,20,24,21,20,22,23,23,19,20,21,21,21,22,24,23,25,24,32,29,29,25,22,20,21,17,17,19,16,16,12,15,13,13,21,19
Wokingham,Wokingham (Unitary),E06000041,41,34,37,35,38,28,26,32,36,31,32,29,26,26,27,26,21,23,24,22,22,21,27,29,25,28,26,19,19,23,23,16,13,10,15,14,13,15,22,25
Wolverhampton,Wolverhampton (Metropolitan borough),E08000031,19,19,22,21,18,23,27,21,17,13,14,16,15,17,17,17,19,21,26,23,20,21,21,21,24,23,23,26,24,34,21,15,15,18,23,24,25,20,24,22
Worcester,Worcester (District),E07000237,22,16,22,22,21,17,20,19,15,15,20,24,21,21,27,24,17,Missing,24,20,25,28,28,28,27,18,24,24,22,18,24,22,21,14,20,21,19,17,31,20
Worcestershire,Worcestershire (County),E10000034,no value,no value,no value,no value,no value,no value,no value,no value,no value,no value,no value,no value,no value,no value,no value,no value,no value,no value,no value,no value,no value,no value,no value,no value,no value,no value,no value,no value,no value,no value,no value,no value,no value,no value,no value,no value,no value,no value,no value,no value
Worthing,Worthing (District),E07000229,19,23,27,20,21,27,25,26,23,19,20,17,19,21,22,17,16,20,25,20,18,21,20,17,18,17,22,15,10,10,9,9,10,10,9,9,11,10,10,14
Wychavon,Wychavon (District),E07000238,26,22,28,23,22,20,25,21,18,17,22,29,23,Missing,31,27,16,13,26,24,28,25,29,32,31,18,28,29,25,19,27,24,21,13,20,23,22,14,25,24
Wyre,Wyre (District),E07000128,14,15,16,16,16,16,14,17,16,18,17,16,18,20,18,16,14,19,19,17,19,22,22,20,20,24,22,19,24,32,22,22,17,16,16,16,16,14,13,16
Wyre Forest,Wyre Forest (District),E07000239,26,31,33,24,24,18,18,21,22,23,25,23,30,27,31,25,25,28,30,35,31,27,23,21,25,25,26,23,25,25,29,25,20,31,19,21,23,19,20,18
York,York (Unitary),E06000014,29,26,28,27,25,27,37,42,37,20,24,22,18,16,15,17,19,20,21,19,26,15,15,11,9,9,12,11,10,10,9,10,7,9,9,10,11,12,9,9
